{
    "mass": 15.849754,
    "inertia": [10.514733956, 10.514733956, 0.03114227062],
    "attacks": [
        0.00,
        0.00,
        0.00,
        0.00,
        0.00,
        0.01,
        0.01,
        0.01,
        0.01,
        0.01
    ],
    "machs": [
        0.00,
        0.30,
        0.40,
        0.50,
        0.60,
        0.00,
        0.30,
        0.40,
        0.50,
        0.60
    ],
    "axials": [
        0.00,
        35.78,
        62.29,
        96.00,
        137.32,
        0.00,
        35.78,
        62.29,
        96.00,
        137.32
    ],
    "normals": [
        0.00,
        0.00,
        0.00,
        0.00,
        0.00,
        0.00,
        0.00,
        0.00,
        0.00,
        0.00
    ]
}
