{
    "mass": 15.849754,
    "length": 2.8194,
    "center_of_mass": 1.3996,
    "center_of_pressure": 2.0193,
    "inertia": [
        10.514733956,
        10.514733956,
        0.03114227062
    ],
    "attacks": [
        0,
        90
    ],
    "machs": [
        0,
        0.3,
        0.4,
        0.5,
        0.6
    ],
    "axials": [
        [
            0,
            35.78,
            62.29,
            96,
            137.32
        ],
        [
            0,
            35.78,
            62.29,
            96,
            137.32
        ]
    ],
    "normals": [
        [
            0,
            0,
            0,
            0,
            0
        ],
        [
            0,
            0,
            0,
            0,
            0
        ]
    ]
}
