{
    "length": 0.345,
    "wet_mass": 0.602,
    "dry_mass": 0.278,
    "times": [
        0,
        0.005,
        0.046,
        0.059,
        0.1,
        0.2,
        0.4,
        0.5,
        0.6,
        0.796,
        0.894,
        0.951,
        0.964,
        1.052,
        1.106,
        1.144,
        1.18
    ],
    "forces": [
        0.0,
        9.0908240410778,
        183.8384124557974,
        182.8283458744491,
        173.7372970244282,
        165.65653956469868,
        156.5657155236209,
        150.505091226588,
        139.39390921387047,
        121.2120363227718,
        109.0910125376491,
        102.0203216592679,
        97.9798305249316,
        34.3433878105577,
        14.1413817567624,
        3.030424552988,
        0.0
    ]
}
