{
    "length": 1.8372703412,
    "wet_mass": 0.2642199291,
    "dry_mass": 0.1391677065,
    "times": [
        0.0,
        0.02,
        0.04,
        0.055,
        0.073,
        0.156,
        0.397,
        0.691,
        0.982,
        1.41,
        1.696,
        1.935,
        2.06,
        2.103,
        2.116,
        2.133,
        2.163,
        2.214,
        2.244,
        2.296,
        2.309
    ],
    "forces": [
        0.0,
        10.8216280940047,
        473.7473044897523,
        514.6290356014305,
        483.3666543560581,
        472.5450262620535,
        483.3666543560581,
        484.5689325837569,
        476.15208575409304,
        449.6992670374022,
        426.8535078127509,
        413.6270984544055,
        408.8175359257241,
        371.54286430608545,
        309.01787700639795,
        210.4207211237138,
        120.2404120706936,
        54.1081404700235,
        25.250540488991998,
        1.2025030366419,
        0.0
    ]
}
